<?xml version="1.0" encoding="UTF-8"?>
<!DOCTYPE suite SYSTEM "https://testng.org/testng-1.0.dtd">
<suite name="Suite" parallel="classes" thread-count="4">
  <test name="Test" >
    <classes>
      <class name="testcase.EditLead"/>
      <class name="testcase.CreateLead"/>
      <class name="testcase.DeleteLead"/>
    </classes>
  </test> <!-- Test -->
  
  <test name="Test">
    <classes>
      <class name="testcase.EditLead"/>
      <class name="testcase.CreateLead"/>
      <class name="testcase.DeleteLead"/>
    </classes>
  </test> <!-- Test -->
  
</suite> <!-- Suite -->
